pdf,metrics
Freitas2022.pdf,"ACC, AUC-ROC, F1, SE, SP"
Dros2022.pdf,"AUC-ROC, SE, SP"
Baharlouei2022.pdf,ACC
Islam2022.pdf,"ACC, AUC-ROC, F1, MCC, SE, SP"
Davis2022.pdf,"ACC, AUC-ROC, SE"
Duanmu2022.pdf,"ACC, AUC-ROC, SP"
Huyut2022.pdf,"ACC, SE"
Arnal2022.pdf,"ACC, AUC-ROC, PPV"
Durán2022.pdf,"ACC, SE, SP"
Kaplan2022.pdf,"ACC, AUC-ROC, F1, MCC, SE"
Knoop2022.pdf,"ACC, AUC-ROC, SE, SP"
YuZ2022.pdf,"ACC, F1"
Jahan2022.pdf,"ACC, AUC-ROC, F1, PPV, SE, SP"
Venäläinen2022.pdf,"ACC, SE"
Tekriwal2022.pdf,"ACC, RMSE, SP"
Willis2022.pdf,"ACC, SE"
Zhang2022.pdf,"ACC, AUC-ROC, SE, SP"
VanLaere2022.pdf,"ACC, NPV, PPV, SE, SP"
Janßen2022.pdf,"ACC, AUC-ROC, SE, SP"
Kovalchuk2022.pdf,"ACC, SE, SP"
Matsuura2022.pdf,"ACC, MAE"
LoCiganic2022.pdf,"ACC, AUC-ROC, SE, SP"
Rijnders2022.pdf,"ACC, F1, SE, SP"
